-- MySQL dump 10.13  Distrib 5.7.17, for Win64 (x86_64)
--
-- Host: 127.0.0.1    Database: notas_texto
-- ------------------------------------------------------
-- Server version	5.5.5-10.4.19-MariaDB

/*!40101 SET @OLD_CHARACTER_SET_CLIENT=@@CHARACTER_SET_CLIENT */;
/*!40101 SET @OLD_CHARACTER_SET_RESULTS=@@CHARACTER_SET_RESULTS */;
/*!40101 SET @OLD_COLLATION_CONNECTION=@@COLLATION_CONNECTION */;
/*!40101 SET NAMES utf8 */;
/*!40103 SET @OLD_TIME_ZONE=@@TIME_ZONE */;
/*!40103 SET TIME_ZONE='+00:00' */;
/*!40014 SET @OLD_UNIQUE_CHECKS=@@UNIQUE_CHECKS, UNIQUE_CHECKS=0 */;
/*!40014 SET @OLD_FOREIGN_KEY_CHECKS=@@FOREIGN_KEY_CHECKS, FOREIGN_KEY_CHECKS=0 */;
/*!40101 SET @OLD_SQL_MODE=@@SQL_MODE, SQL_MODE='NO_AUTO_VALUE_ON_ZERO' */;
/*!40111 SET @OLD_SQL_NOTES=@@SQL_NOTES, SQL_NOTES=0 */;

--
-- Table structure for table `categorias`
--

DROP TABLE IF EXISTS `categorias`;
/*!40101 SET @saved_cs_client     = @@character_set_client */;
/*!40101 SET character_set_client = utf8 */;
CREATE TABLE `categorias` (
  `id` int(11) NOT NULL AUTO_INCREMENT,
  `nombre_categoria` varchar(200) COLLATE utf8_unicode_ci NOT NULL,
  PRIMARY KEY (`id`)
) ENGINE=InnoDB AUTO_INCREMENT=6 DEFAULT CHARSET=utf8 COLLATE=utf8_unicode_ci;
/*!40101 SET character_set_client = @saved_cs_client */;

--
-- Dumping data for table `categorias`
--

LOCK TABLES `categorias` WRITE;
/*!40000 ALTER TABLE `categorias` DISABLE KEYS */;
INSERT INTO `categorias` VALUES (1,'Música'),(2,'Viajes'),(3,'Fiesta'),(4,'Tareas'),(5,'Listas');
/*!40000 ALTER TABLE `categorias` ENABLE KEYS */;
UNLOCK TABLES;

--
-- Table structure for table `notas`
--

DROP TABLE IF EXISTS `notas`;
/*!40101 SET @saved_cs_client     = @@character_set_client */;
/*!40101 SET character_set_client = utf8 */;
CREATE TABLE `notas` (
  `id` int(11) NOT NULL AUTO_INCREMENT,
  `titulo` varchar(100) COLLATE utf8_unicode_ci NOT NULL,
  `fecha_creacion` date NOT NULL,
  `fecha_ultima_modificacion` date NOT NULL,
  `descripcion` text COLLATE utf8_unicode_ci DEFAULT NULL,
  `id_usuarios` int(11) NOT NULL,
  PRIMARY KEY (`id`),
  KEY `id_usuarios` (`id_usuarios`),
  CONSTRAINT `notas_ibfk_1` FOREIGN KEY (`id_usuarios`) REFERENCES `usuarios` (`id`)
) ENGINE=InnoDB AUTO_INCREMENT=6 DEFAULT CHARSET=utf8 COLLATE=utf8_unicode_ci;
/*!40101 SET character_set_client = @saved_cs_client */;

--
-- Dumping data for table `notas`
--

LOCK TABLES `notas` WRITE;
/*!40000 ALTER TABLE `notas` DISABLE KEYS */;
INSERT INTO `notas` VALUES (1,'Compras','2021-03-17','2021-06-02','ad lorem ipsum',3),(2,'Playlist','2021-03-17','2021-06-02','ad lorem ipsum',1),(3,'Cumpleaños','2020-09-14','2021-03-12','ad lorem ipsum',4),(4,'Comida','2021-04-01','2021-06-20','ad lorem ipsum',5),(5,'Rutas','2021-01-27','2021-04-12','ad lorem ipsum',2);
/*!40000 ALTER TABLE `notas` ENABLE KEYS */;
UNLOCK TABLES;

--
-- Table structure for table `notas_categorias`
--

DROP TABLE IF EXISTS `notas_categorias`;
/*!40101 SET @saved_cs_client     = @@character_set_client */;
/*!40101 SET character_set_client = utf8 */;
CREATE TABLE `notas_categorias` (
  `id` int(11) NOT NULL AUTO_INCREMENT,
  `notas_id` int(11) NOT NULL,
  `categorias_id` int(11) NOT NULL,
  PRIMARY KEY (`id`),
  KEY `notas_id` (`notas_id`),
  KEY `categorias_id` (`categorias_id`),
  CONSTRAINT `notas_categorias_ibfk_1` FOREIGN KEY (`notas_id`) REFERENCES `notas` (`id`),
  CONSTRAINT `notas_categorias_ibfk_2` FOREIGN KEY (`categorias_id`) REFERENCES `categorias` (`id`)
) ENGINE=InnoDB AUTO_INCREMENT=8 DEFAULT CHARSET=utf8 COLLATE=utf8_unicode_ci;
/*!40101 SET character_set_client = @saved_cs_client */;

--
-- Dumping data for table `notas_categorias`
--

LOCK TABLES `notas_categorias` WRITE;
/*!40000 ALTER TABLE `notas_categorias` DISABLE KEYS */;
INSERT INTO `notas_categorias` VALUES (1,1,4),(2,1,5),(3,5,2),(4,4,3),(5,3,3),(6,2,1),(7,2,2);
/*!40000 ALTER TABLE `notas_categorias` ENABLE KEYS */;
UNLOCK TABLES;

--
-- Table structure for table `usuarios`
--

DROP TABLE IF EXISTS `usuarios`;
/*!40101 SET @saved_cs_client     = @@character_set_client */;
/*!40101 SET character_set_client = utf8 */;
CREATE TABLE `usuarios` (
  `id` int(11) NOT NULL AUTO_INCREMENT,
  `nombre` varchar(200) COLLATE utf8_unicode_ci NOT NULL,
  `email` varchar(200) COLLATE utf8_unicode_ci NOT NULL,
  PRIMARY KEY (`id`)
) ENGINE=InnoDB AUTO_INCREMENT=6 DEFAULT CHARSET=utf8 COLLATE=utf8_unicode_ci;
/*!40101 SET character_set_client = @saved_cs_client */;

--
-- Dumping data for table `usuarios`
--

LOCK TABLES `usuarios` WRITE;
/*!40000 ALTER TABLE `usuarios` DISABLE KEYS */;
INSERT INTO `usuarios` VALUES (1,'Britney','britneyspears@yahoo.com.ar'),(2,'Estela','estela@hotmail.com'),(3,'Kevin','kevin@hotmail.com'),(4,'Mari','marinita@hotmail.com'),(5,'Enzo','enzo77@gmail.com');
/*!40000 ALTER TABLE `usuarios` ENABLE KEYS */;
UNLOCK TABLES;
/*!40103 SET TIME_ZONE=@OLD_TIME_ZONE */;

/*!40101 SET SQL_MODE=@OLD_SQL_MODE */;
/*!40014 SET FOREIGN_KEY_CHECKS=@OLD_FOREIGN_KEY_CHECKS */;
/*!40014 SET UNIQUE_CHECKS=@OLD_UNIQUE_CHECKS */;
/*!40101 SET CHARACTER_SET_CLIENT=@OLD_CHARACTER_SET_CLIENT */;
/*!40101 SET CHARACTER_SET_RESULTS=@OLD_CHARACTER_SET_RESULTS */;
/*!40101 SET COLLATION_CONNECTION=@OLD_COLLATION_CONNECTION */;
/*!40111 SET SQL_NOTES=@OLD_SQL_NOTES */;

-- Dump completed on 2021-06-25  1:09:50
